palabras,emojis
"amor,corazÃ³n","â¤ï¸ğŸ’“"
"felicidad,sonrisa","ğŸ˜ŠğŸ˜„"
"miedo,terror","ğŸ˜±ğŸ‘»"
"enojo,rabia","ğŸ˜¡ğŸ˜¤"
"lluvia,tristeza","ğŸŒ§ï¸ğŸ˜¢"
"sol,verano","â˜€ï¸ğŸ˜"
"nieve,invierno","â„ï¸â›„"
"mÃºsica,concierto","ğŸ¶ğŸ¤"
"cine,pelÃ­cula","ğŸ¬ğŸ¿"
"comida,pizza","ğŸ•ğŸ˜‹"
"trabajo,oficina","ğŸ’¼ğŸ–¥ï¸"
"viaje,aviÃ³n","âœˆï¸ğŸŒ"
"naturaleza,relajaciÃ³n","ğŸŒ³ğŸ˜Œ"
"playa,verano","ğŸ–ï¸â˜€ï¸"
"invierno,frÃ­o","â„ï¸ğŸ§¥"
"familia,amor","ğŸ‘¨â€ğŸ‘©â€ğŸ‘§â€ğŸ‘¦â¤ï¸"
"amistad,diversiÃ³n","ğŸ‘¯â€â™‚ï¸ğŸ‰"
"libro,lectura","ğŸ“šğŸ§ "
"deporte,fÃºtbol","âš½ğŸ†"
"arte,pintura","ğŸ¨ğŸ–Œï¸"
"fiesta,celebraciÃ³n","ğŸ‰ğŸ¥³"
"chocolate,dulce","ğŸ«ğŸ˜‹"
"helado,verano","ğŸ¦ğŸŒ"
"trabajo,esfuerzo","ğŸ’¼ğŸ’ª"
"tecnologÃ­a,innovaciÃ³n","ğŸ’»ğŸš€"
"vino,cena","ğŸ·ğŸ½ï¸"
"paseo,parque","ğŸš¶â€â™‚ï¸ğŸŒ³"
"cafÃ©,maÃ±ana","â˜•ğŸŒ…"
"correr,ejercicio","ğŸƒâ€â™‚ï¸ğŸ’ª"
"flor,primavera","ğŸŒ¸ğŸŒ¼"
"cielo,nocturno","ğŸŒŒâ­"
"mar,olas","ğŸŒŠğŸ„â€â™‚ï¸"
"sol,calor","â˜€ï¸ğŸ”¥"
"paz,meditaciÃ³n","ğŸ§˜â€â™‚ï¸ğŸ˜Œ"
"lectura,paz","ğŸ“šğŸ˜Œ"
"bicicleta,parque","ğŸš´â€â™‚ï¸ğŸŒ³"
"noche,luna","ğŸŒ™ğŸŒŒ"
"montaÃ±a,escalar","ğŸ”ï¸ğŸ§—â€â™‚ï¸"
"amor,pareja","â¤ï¸ğŸ’"
"mÃºsica,danzar","ğŸ¶ğŸ’ƒ"
"comida,hamburguesa","ğŸ”ğŸŸ"
"invierno,manta","â„ï¸ğŸ›‹ï¸"
"verano,piscina","â˜€ï¸ğŸŠâ€â™‚ï¸"
"nieve,esquÃ­","â„ï¸ğŸ¿"
"viaje,explorar","âœˆï¸ğŸ—ºï¸"
"chocolate,postre","ğŸ«ğŸ°"
"cine,acciÃ³n","ğŸ¬ğŸ’¥"
"reloj,tiempo,puntualidad","âŒšğŸ•’â°"
"clima,invernal,muÃ±eco de nieve","â˜ƒï¸â›„â„ï¸"
"paraguas,lluvia,protecciÃ³n","â˜”ï¸ğŸŒ§ï¸ğŸŒ‚"
"pirata,aventura,peligro","â˜ ï¸âš“ğŸ´â€â˜ ï¸"
"mÃ©dico,hospital,salud","âš•ï¸ğŸ¥ğŸ’‰"
"engranaje,tecnologÃ­a,mecÃ¡nica","âš™ï¸ğŸ”§ğŸ”¨"
"electricidad,rayo,potencia","âš¡ï¸ğŸ’¥ğŸ”‹"
"golf,deporte,campo","â›³ï¸ğŸŒï¸â€â™‚ï¸â›³ï¸"
"esquÃ­,invierno,diversiÃ³n","â›·ï¸ğŸ¿â„ï¸"
"baloncesto,deporte,cancha","â›¹ï¸â€â™‚ï¸ğŸ€â›¹ï¸â€â™€ï¸"
"estrella,noche,brillo","â­ï¸ğŸŒŒâœ¨"
"bandera,orgullo,nacionalidad","ğŸ‡¯ğŸ‡µğŸ‡®ğŸ‡³ğŸ‡ºğŸ‡¸"
"amanecer,naturaleza,belleza","ğŸŒ„ğŸŒ…ğŸŒ‡"
"ciudad,edificios,vida nocturna","ğŸŒ†ğŸ™ï¸ğŸŒƒ"
"arcoÃ­ris,lluvia,esperanza","ğŸŒˆâ˜”ï¸ğŸŒ¦ï¸"
"galaxia,espacio,exploraciÃ³n","ğŸŒŒğŸš€âœ¨"
"niebla,frÃ­o,maÃ±ana","ğŸŒ«ï¸â„ï¸ğŸŒ¬ï¸"
"palmera,verano,playa","ğŸŒ´ğŸ–ï¸ğŸŒŠ"
"flor,jardÃ­n,primavera","ğŸŒ·ğŸŒ¸ğŸŒº"
"girasol,jardÃ­n,verano","ğŸŒ»ğŸŒğŸŒ¼"
"cosecha,campo,naturaleza","ğŸŒ¾ğŸŒ±ğŸŒ¿"
"hojas,otoÃ±o,viento","ğŸğŸ‚ğŸƒ"
"tomate,ensalada,cocina","ğŸ…ğŸ¥—ğŸ½ï¸"
"uvas,fruta,viÃ±edo","ğŸ‡ğŸ·ğŸ‡"
"sandÃ­a,verano,refrescante","ğŸ‰ğŸ‰â˜€ï¸"
"plÃ¡tano,fruta,energÃ­a","ğŸŒğŸŒğŸ"
"manzana,fruta,salud","ğŸğŸğŸ"
"cereza,fruta,dulce","ğŸ’ğŸ’ğŸ“"
"fresa,fruta,dulce","ğŸ“ğŸ’ğŸ‡"
"patatas fritas,comida,rÃ¡pida","ğŸŸğŸ”ğŸ•"
"helado,verano,dulce","ğŸ§ğŸ¨ğŸ¦"
"miel,dulce,natural","ğŸ¯ğŸğŸŒ»"
"sushi,comida,japonesa","ğŸ£ğŸ±ğŸ£"
"cÃ³ctel,bebida,verano","ğŸ¹ğŸ¸ğŸ·"
"cerveza,brindis,fiesta","ğŸ»ğŸ¥‚ğŸº"
"champÃ¡n,celebraciÃ³n,fiesta","ğŸ¾ğŸ¥‚ğŸ¾"
"calabaza,halloween,terror","ğŸƒğŸ‘»ğŸ‘¹"
"navidad,Ã¡rbol,familia","ğŸ„ğŸ…ğŸ"
"fuegos artificiales,celebraciÃ³n,fiesta","ğŸ†ğŸ‡ğŸ‰"
"mochila,vacaciones,viaje","ğŸ’ğŸ§³ğŸŒ"
"graduaciÃ³n,educaciÃ³n,logro","ğŸ“ğŸ‰ğŸ“"
"micrÃ³fono,mÃºsica,canciÃ³n","ğŸ™ï¸ğŸ¤ğŸ¼"
"cÃ¡mara,fotografÃ­a,recuerdos","ğŸ“¸ğŸï¸ğŸ“·"
"auriculares,mÃºsica,escuchar","ğŸ§ğŸ¶ğŸ§"
"sombrero,elegancia,moda","ğŸ©ğŸ‘’ğŸ‘—"
"circo,diversiÃ³n,espectÃ¡culo","ğŸªğŸ¤¡ğŸŸï¸"
"diana,objetivo,precisiÃ³n","ğŸ¯ğŸ¯ğŸ¹"
"juego,diversiÃ³n,niÃ±os","ğŸ²ğŸ§¸ğŸ®"
"violÃ­n,mÃºsica,clÃ¡sica","ğŸ»ğŸ¶ğŸ¼"
"partitura,mÃºsica,compositor","ğŸ¼ğŸµğŸ¶"
"navegaciÃ³n,barco,viaje","ğŸš¢âš“ğŸ›³ï¸"
"vehÃ­culo,automÃ³vil,carretera","ğŸš—ğŸš™ğŸï¸"
"bicicleta,deporte,aire libre","ğŸš´â€â™‚ï¸ğŸšµâ€â™€ï¸ğŸš²"
"moto,velocidad,carretera","ğŸï¸ğŸ›µğŸš¦"
"tren,vÃ­a fÃ©rrea,transporte","ğŸš‚ğŸš†ğŸš‡"
"aviÃ³n,vuelos,viaje","âœˆï¸ğŸ›«ğŸ›¬"
"cohete,espacio,exploraciÃ³n","ğŸš€ğŸŒŒğŸ›°ï¸"
"cuchillo,cocina,peligro","ğŸ”ªğŸ½ï¸ğŸ§‚"
"lupa,bÃºsqueda,investigaciÃ³n","ğŸ”ğŸ”ğŸ•µï¸â€â™‚ï¸"
"llave,seguridad,candado","ğŸ”‘ğŸ”’ğŸ”“"
"martillo,herramientas,trabajo","ğŸ”¨ğŸ”§ğŸ› ï¸"
"microscopio,laboratorio,ciencia","ğŸ”¬ğŸ§ªğŸ”¬"
"bola de cristal,magia,hechizo","ğŸ”®âœ¨ğŸ§™â€â™€ï¸"
"vela,luz,calidez","ğŸ•¯ï¸ğŸ•¯ï¸ğŸƒ"
"detective,intriga,misterio","ğŸ•µï¸â€â™‚ï¸ğŸ”ğŸ•µï¸â€â™€ï¸"
"gafas de sol,verano,estilo","ğŸ•¶ï¸ğŸ˜ğŸŒ"
"joystick,juegos,diversiÃ³n","ğŸ•¹ï¸ğŸ®ğŸ²"
"bolÃ­grafo,escribir,notas","ğŸ–Šï¸ğŸ“ğŸ“’"
"pincel,pintura,arte","ğŸ–Œï¸ğŸ¨ğŸ–¼ï¸"
"ratÃ³n,computadora,tecnologÃ­a","ğŸ–±ï¸ğŸ’»ğŸ–¥ï¸"
"mapa,exploraciÃ³n,viaje","ğŸ—ºï¸ğŸ—ºï¸ğŸŒ"
"moai,isla,cultura","ğŸ—¿ğŸ—¿ğŸŒ‹"
"contento,feliz,alegre","ğŸ˜€ğŸ˜ƒğŸ˜„"
"risa,diversiÃ³n,gracioso","ğŸ˜‚ğŸ˜†ğŸ¤£"
"bondad,angelical,pureza","ğŸ˜‡ğŸ™‚ğŸ˜‡"
"coqueto,divertido,pÃ­caro","ğŸ˜‰ğŸ˜œğŸ˜›"
"beso,amor,afecto","ğŸ˜˜ğŸ˜—ğŸ˜™"
"dormido,sueÃ±o,relajado","ğŸ˜´ğŸ˜ªğŸ˜ª"
"triste,desconsolado,llorando","ğŸ˜­ğŸ˜¢ğŸ˜¿"
"enojado,ira,frustrado","ğŸ˜ ğŸ˜¡ğŸ˜’"
"sorprendido,asombro,impactado","ğŸ˜²ğŸ˜®ğŸ˜¯"
"frÃ­o,temblor,invernal","ğŸ¥¶ğŸ˜¨ğŸ¥¶"
"calor,sofocado,verano","ğŸ¥µğŸ˜…ğŸ˜“"
"pensativo,dudoso,meditativo","ğŸ¤”ğŸ˜ğŸ˜‘"
"orgulloso,satisfecho,logro","ğŸ˜ğŸ˜ŒğŸ˜‡"
"enfermo,malestar,saludable","ğŸ¤¢ğŸ¤§ğŸ˜·"
"asqueado,vÃ³mito,indigestiÃ³n","ğŸ¤®ğŸ¤¢ğŸ¤®"
"malvado,diablillo,enojado","ğŸ‘¿ğŸ˜ˆğŸ‘¹"
"alienÃ­gena,extraterrestre,espacial","ğŸ‘½ğŸ‘¾ğŸ‘»"
"robot,tecnolÃ³gico,futurista","ğŸ¤–ğŸ‘¾ğŸ§"
"muerte,peligro,calavera","ğŸ’€â˜ ï¸ğŸ’€"
"halloween,terror,calabaza","ğŸƒğŸ‘»ğŸƒ"
"codicia,ganancia,riqueza","ğŸ¤‘ğŸ˜ğŸ¤‘"
"payaso,circo,diversiÃ³n","ğŸ¤¡ğŸªğŸ¤¡"
"impacto,explosiÃ³n,asombro","ğŸ¤¯ğŸ’¥ğŸ¤¯"
"amor,beso,romÃ¡ntico","ğŸ˜—ğŸ˜˜ğŸ˜š"
"astucia,diablillo,malicia","ğŸ˜ˆğŸ‘¿ğŸ˜ˆ"
"nÃ¡usea,indigestiÃ³n,malestar","ğŸ¤¢ğŸ¤®ğŸ¤¢"
"felino,mascota,amistoso","ğŸ˜ºğŸ˜¹ğŸ˜»"
"felicidad,alegrÃ­a,sonrisa","ğŸ˜ŠğŸ˜„"
"amor,corazÃ³n,afecto","â¤ï¸ğŸ˜"
"tristeza,llanto,soledad","ğŸ˜¢ğŸ˜­"
"miedo,terror,susto","ğŸ˜±ğŸ˜¨"
"enojo,ira,enfado","ğŸ˜ ğŸ˜¡"
"sorpresa,asombro,impacto","ğŸ˜®ğŸ˜²"
"orgullo,Ã©xito,logro","ğŸ˜ŒğŸ†"
"ansiedad,preocupaciÃ³n,nervios","ğŸ˜ŸğŸ˜°"
"vergÃ¼enza,rubor,tÃ­mido","ğŸ˜³ğŸ˜…"
"cansancio,fatiga,agotamiento","ğŸ˜´ğŸ˜“"
"diversiÃ³n,alegrÃ­a,fiesta","ğŸ˜„ğŸ‰"
"confusiÃ³n,duda,incertidumbre","ğŸ˜•ğŸ¤”"
"relajaciÃ³n,paz,tranquilidad","ğŸ˜ŒğŸ§˜â€â™‚ï¸"
"amor,romÃ¡ntico,pareja","â¤ï¸ğŸ’"
"felicidad,amor,vida","ğŸ˜Šâ¤ï¸"
"tristeza,soledad,corazÃ³n roto","ğŸ˜¢ğŸ’”"
"miedo,pÃ¡nico,peligro","ğŸ˜±ğŸš¨"
"enojo,frustraciÃ³n,rabia","ğŸ˜¡ğŸ˜¤"
"sorpresa,incredulidad,asombro","ğŸ˜²ğŸ˜³"
"orgullo,satisfacciÃ³n,Ã©xito","ğŸ˜ŒğŸ‘"
"ansiedad,inquietud,estrÃ©s","ğŸ˜ŸğŸ˜–"
"vergÃ¼enza,bochorno,rubor","ğŸ˜…ğŸ˜³"
"cansancio,agotamiento,sueÃ±o","ğŸ˜´ğŸ’¤"
"diversiÃ³n,felicidad,amigos","ğŸ˜„ğŸ‘¯â€â™‚ï¸"
"confusiÃ³n,perplejidad,desorientaciÃ³n","ğŸ˜•ğŸ˜µ"
"relajaciÃ³n,meditaciÃ³n,paz","ğŸ§˜â€â™‚ï¸ğŸ˜Œ"
"tristeza,desilusiÃ³n,lagrimas","ğŸ˜¢ğŸ˜¥"
"amor,pasiÃ³n,cariÃ±o","ğŸ˜â¤ï¸"
"felicidad,optimismo,alegrÃ­a","ğŸ˜ŠğŸŒŸ"
"miedo,horror,angustia","ğŸ˜¨ğŸ‘»"
"corazÃ³n,amor,felicidad","â¤ï¸ğŸ˜Š"
"familia,cariÃ±o,niÃ±os","ğŸ‘¨â€ğŸ‘©â€ğŸ‘§â€ğŸ‘¦â¤ï¸"
"sol,verano,calor","â˜€ï¸ğŸ˜"
"nieve,invierno,frÃ­o","â„ï¸â›„"
"lluvia,dÃ­a,nublado","ğŸŒ§ï¸ğŸŒ«ï¸"
"luna,noche,relajaciÃ³n","ğŸŒ™ğŸ˜Œ"
"estrella,noche,brillante","â­ğŸŒŒ"
"flor,primavera,colorido","ğŸŒ¸ğŸŒº"
"Ã¡rbol,naturaleza,verde","ğŸŒ³ğŸŒ²"
"hojas,otoÃ±o,viento","ğŸ‚ğŸƒ"
"libro,lectura,conocimiento","ğŸ“šğŸ’¡"
"cafÃ©,maÃ±ana,energÃ­a","â˜•ğŸŒ…"
"trabajo,oficina,papeles","ğŸ’¼ğŸ“‘"
"computadora,tecnologÃ­a,futuro","ğŸ’»ğŸŒ"
"fÃºtbol,deporte,competencia","âš½ğŸ†"
"baloncesto,deporte,cancha","ğŸ€â›¹ï¸â€â™‚ï¸"
"bicicleta,parque,ejercicio","ğŸš´â€â™‚ï¸ğŸŒ³"
"cine,pelÃ­cula,diversiÃ³n","ğŸ¥ğŸ¿"
"comida,pizza,delicioso","ğŸ•ğŸ˜ŠğŸ˜‹"
"pasta,italiano,cena","ğŸğŸ·"
"hamburguesa,comida,rÃ¡pida","ğŸ”ğŸŸ"
"helado,verano,dulce","ğŸ¦ğŸ˜‹"
"chocolate,dulce,placer","ğŸ«ğŸ˜Š"
"fruta,saludable,verano","ğŸ‰ğŸ“"
"manzana,fruta,saludable","ğŸğŸ"
"uva,fruta,verde","ğŸ‡ğŸƒ"
"tarta,postre,dulce","ğŸ°ğŸ‚"
"bebida,refresco,verano","ğŸ¥¤â„ï¸"
"cerveza,fiesta,relajaciÃ³n","ğŸºğŸ»"
"vino,romÃ¡ntico,cena","ğŸ·â¤ï¸"
"cena,romÃ¡ntico,velas","ğŸ½ï¸ğŸ•¯ï¸"
"bocadillo,comida,merienda","ğŸ¥ªğŸ¥¤"
"desayuno,pan,cafÃ©","ğŸâ˜•"
"saludable,ensalada,vegetales","ğŸ¥—ğŸ¥’"
"desayuno,huevos,energÃ­a","ğŸ³â˜€ï¸"
"aviÃ³n,viaje,aventura","âœˆï¸ğŸ—ºï¸"
"barco,viaje,mar","ğŸš¢ğŸŒŠ"
"tren,viaje,explorar","ğŸš†ğŸ—ºï¸"
"coche,carretera,viaje","ğŸš—ğŸ›£ï¸"
"camiÃ³n,transporte,carretera","ğŸš›ğŸ›£ï¸"
"bicicleta,parque,paseo","ğŸš´â€â™‚ï¸ğŸŒ³"
"tren,metro,ciudad","ğŸš‡ğŸ™ï¸"
"fuego,calor,invierno","ğŸ”¥â„ï¸"
"gota de agua,lluvia,invierno","ğŸ’§ğŸŒ§ï¸"
"montaÃ±a,aventura,escalar","ğŸ”ï¸ğŸ§—â€â™‚ï¸"
"medalla,competencia,victoria","ğŸ…ğŸ†"
"trofeo,victoria,campeÃ³n","ğŸ†ğŸ¥‡"
"bandera,paÃ­s,nacionalidad","ğŸ³ï¸â€ğŸŒˆğŸ‡ºğŸ‡³"
"cÃ¡mara,foto,momento","ğŸ“¸ğŸï¸"
"telÃ©fono,llamada,mÃ³vil","ğŸ“±ğŸ“"
"dinero,negocio,trabajo","ğŸ’°ğŸ’¼"
"regalo,sorpresa,celebraciÃ³n","ğŸğŸ‰"
"fuego artificial,celebraciÃ³n,fiesta","ğŸ†ğŸ‡"
"partido,fÃºtbol,aficiÃ³n","ğŸŸï¸âš½"
"cancha,tenis,deporte","ğŸ¾ğŸ…"
"golf,deporte,competencia","â›³ğŸŒï¸â€â™‚ï¸"
"nataciÃ³n,piscina,verano","ğŸŠâ€â™‚ï¸ğŸŒ"
"surf,olas,mar","ğŸ„â€â™‚ï¸ğŸŒŠ"
"esquÃ­,nieve,invierno","ğŸ¿â›·ï¸"
"escalada,montaÃ±a,aventura","ğŸ§—â€â™‚ï¸ğŸ”ï¸"
"caminar,parque,relajaciÃ³n","ğŸš¶â€â™‚ï¸ğŸŒ³"
"bailar,mÃºsica,fiesta","ğŸ’ƒğŸ¶"
"ropa,moda,estilo","ğŸ‘—ğŸ‘ "
"zapatos,moda,estilo","ğŸ‘ğŸ‘Ÿ"
"gafas,sol,protecciÃ³n","ğŸ•¶ï¸ğŸŒ"
"reloj,tiempo,puntualidad","âŒšğŸ•’"
"ordenador,trabajo,tecnologÃ­a","ğŸ–¥ï¸ğŸ’»"
"telÃ©fono,redes sociales,conectar","ğŸ“±ğŸŒ"
"robot,tecnologÃ­a,futuro","ğŸ¤–ğŸŒ"
"idea,creatividad,luz","ğŸ’¡âœ¨"
"fÃ¡brica,trabajo,producciÃ³n","ğŸ­ğŸ”§"
"laboratorio,ciencia,investigaciÃ³n","ğŸ§ªğŸ”¬"
"pelota,jugar,diversiÃ³n","âš½ğŸ¾"
"bolÃ­grafo,escribir,notas","ğŸ–Šï¸ğŸ“"
"pintura,arte,colores","ğŸ¨ğŸ–Œï¸"
"mÃºsica,guitarra,rock","ğŸ¸ğŸµ"
"piano,instrumento,mÃºsica","ğŸ¹ğŸ¼"
"violÃ­n,mÃºsica,clÃ¡sica","ğŸ»ğŸ¶"
"baterÃ­a,rock,mÃºsica","ğŸ¥ğŸ¸"
"micrÃ³fono,cantar,concierto","ğŸ¤ğŸ¶"
"auriculares,mÃºsica,escuchar","ğŸ§ğŸµ"
"libreta,notas,apuntes","ğŸ“’ğŸ“"
"lÃ¡piz,dibujo,escribir","âœï¸ğŸ“"
"herramientas,reparar,trabajo","ğŸ”§ğŸ”¨"
"cohete,espacio,aventura","ğŸš€ğŸŒŒ"
"astro,planetas,universo","ğŸŒğŸŒ•"
"nave espacial,explorar,espacio","ğŸ›¸ğŸš€"
"tierra,planeta,naturaleza","ğŸŒğŸŒ³"
"luna,espacio,universo","ğŸŒ™ğŸŒŒ"
"estrella,espacio,noche","â­ğŸŒŸ"
"sol,calor,dÃ­a","ğŸŒğŸŒ…"
"camino,viaje,explorar","ğŸ›£ï¸âœˆï¸"
"marinero,barco,mar","ğŸ‘¨â€âœˆï¸ğŸš¢"
"policÃ­a,seguridad,ley","ğŸ‘®â€â™‚ï¸ğŸš”"
"mÃ©dico,salud,curar","ğŸ‘¨â€âš•ï¸ğŸ’‰"
"bombero,emergencia,fuego","ğŸ‘¨â€ğŸš’ğŸ”¥"
"profesor,enseÃ±ar,aprender","ğŸ‘¨â€ğŸ«ğŸ“š"
"cantante,mÃºsica,concierto","ğŸ‘¨â€ğŸ¤ğŸ¤"
"chef,cocina,comida","ğŸ‘¨â€ğŸ³ğŸ²"
"estudiante,escuela,aprender","ğŸ‘¨â€ğŸ“ğŸ“˜"
"trabajador,construcciÃ³n,obra","ğŸ‘·â€â™‚ï¸ğŸ—ï¸"
"agricultor,campo,naturaleza","ğŸ‘¨â€ğŸŒ¾ğŸŒ¾"
"cientÃ­fico,laboratorio,investigaciÃ³n","ğŸ‘¨â€ğŸ”¬ğŸ”¬"
"pintor,arte,creatividad","ğŸ‘¨â€ğŸ¨ğŸ¨"
"piloto,aviÃ³n,viaje","ğŸ‘¨â€âœˆï¸âœˆï¸"
"mecÃ¡nico,reparar,coche","ğŸ‘¨â€ğŸ”§ğŸš—"
"electricista,trabajo,instalaciÃ³n","ğŸ‘¨â€ğŸ”§ğŸ’¡"
"arquitecto,diseÃ±o,planos","ğŸ‘¨â€ğŸ’¼ğŸ“"
"jardÃ­n,plantas,flores","ğŸŒ»ğŸŒ·"
"puerta,entrada,salida","ğŸšªğŸ”‘"
"ventana,abrir,cerrar","ğŸªŸğŸ”’"
"caja,guardar,organizar","ğŸ“¦ğŸ“¤"
"carpeta,documentos,papeles","ğŸ“‚ğŸ“"
"libro,leer,educaciÃ³n","ğŸ“˜ğŸ“š"
"taza,cafÃ©,caliente","â˜•ğŸ”¥"
"botella,agua,beber","ğŸ¥¤ğŸ’§"
"plato,comida,cena","ğŸ½ï¸ğŸ¥—"
"tenedor,comer,utensilio","ğŸ´ğŸ"
"cuchillo,cortar,comida","ğŸ”ªğŸ"
"cucharas,sopa,comer","ğŸ¥„ğŸ²"
"guitarra,mÃºsica,rock","ğŸ¸ğŸ¶"
"piano,mÃºsica,clÃ¡sica","ğŸ¹ğŸ¼"
"pelota,jugar,diversiÃ³n","âš½ğŸ€"
"primavera,flor,sol,alegrÃ­a","ğŸŒ¸ğŸŒğŸ˜Š"
"verano,calor,playa","ğŸ–ï¸ğŸŒğŸ˜"
"invierno,frÃ­o,nieve","â„ï¸â˜ƒï¸ğŸ§£"
"otoÃ±o,hojas,viento","ğŸ‚ğŸğŸƒ"
"noche,luna,relajaciÃ³n","ğŸŒ™ğŸ˜ŒğŸŒŒ"
"trabajo,oficina,concentraciÃ³n","ğŸ’¼ğŸ§ ğŸ’»"
"cafÃ©,maÃ±ana,despertar","â˜•ğŸŒ…ğŸ˜Š"
"comida,hambre,delicioso","ğŸ´ğŸ˜‹"
"fiesta,diversiÃ³n,baile","ğŸ‰ğŸ’ƒğŸ•º"
"cine,pelÃ­cula,palomitas","ğŸ¥ğŸ¿ğŸ¬"
"mÃºsica,escuchar,felicidad","ğŸ¶ğŸ˜ŠğŸ§"
"ejercicio,gimnasio,salud","ğŸ‹ï¸â€â™‚ï¸ğŸ’ªğŸƒâ€â™‚ï¸"
"lluvia,relajaciÃ³n,tranquilidad","ğŸŒ§ï¸ğŸ˜Œâ˜”"
"viaje,aviÃ³n,aventura","âœˆï¸ğŸŒğŸ’"
"amigos,diversiÃ³n,alegrÃ­a","ğŸ‘¯â€â™‚ï¸ğŸ‰ğŸ˜Š"
"lectura,libro,relajaciÃ³n","ğŸ“šğŸ›‹ï¸ğŸ˜Œ"
"nieve,invernal,diversiÃ³n","â„ï¸â›„ğŸ¿"
"chocolate,dulce,favorito","ğŸ«ğŸ˜Š"
"estudio,libros,examen","ğŸ“šâœï¸ğŸ˜“"
"viajar,explorar,nuevo","ğŸ—ºï¸âœˆï¸ğŸŒ"
"descanso,cama,sueÃ±o","ğŸ›ï¸ğŸ˜´"
"fiesta,celebraciÃ³n,alegrÃ­a","ğŸ‰ğŸ¾ğŸ˜Š"
"fÃºtbol,deporte,diversiÃ³n","âš½ğŸ†ğŸ˜„"
"cine,terror,emociÃ³n","ğŸ¬ğŸ˜±ğŸ‘»"
"paseo,parque,relajaciÃ³n","ğŸŒ³ğŸš¶â€â™‚ï¸ğŸ˜Œ"
"correr,parque,ejercicio","ğŸƒâ€â™‚ï¸ğŸŒ³ğŸ˜…"
"cocina,comida,preparar","ğŸ³ğŸ‘¨â€ğŸ³ğŸ´"
"naturaleza,relajaciÃ³n,inspiraciÃ³n","ğŸŒ²ğŸ˜ŒğŸ’¡"
"mascotas,perro,amor","ğŸ¶â¤ï¸ğŸ˜Š"
"gato,adorable,felicidad","ğŸ±ğŸ˜»ğŸ˜Š"
"verano,sol,playa","â˜€ï¸ğŸ–ï¸ğŸŒŠ"
"primavera,flores,alegrÃ­a","ğŸŒ¸ğŸŒ¼ğŸ˜Š"
"otoÃ±o,hojas,caminar","ğŸ‚ğŸš¶â€â™‚ï¸ğŸ"
"invierno,fuego,hogar","ğŸ”¥ğŸ â„ï¸"
"nieve,diversiÃ³n,frÃ­o","â›„â„ï¸ğŸ˜Š"
"viento,otoÃ±o,frÃ­o","ğŸƒğŸ‚ğŸ§¥"
"desayuno,cafÃ©,maÃ±ana","â˜•ğŸğŸ³"
"trabajo,oficina,Ã©xito","ğŸ’¼ğŸ†ğŸ“ˆ"
"aventura,explorar,naturaleza","ğŸ—ºï¸ğŸŒ²ğŸï¸"
"viajar,aviÃ³n,experiencia","âœˆï¸ğŸ—ºï¸ğŸ˜Š"
"amor,romÃ¡ntico,beso","ğŸ’â¤ï¸ğŸ˜˜"
"cena,romÃ¡ntico,vino","ğŸ·ğŸ½ï¸â¤ï¸"
"comida,pasta,italiano","ğŸğŸ‡®ğŸ‡¹ğŸ˜‹"
"desayuno,energÃ­a,dÃ­a","ğŸ¥â˜•ğŸŒ…"
"fruta,saludable,comida","ğŸğŸŒğŸ‡"
"helado,verano,placer","ğŸ¦â˜€ï¸ğŸ˜Š"
"tecnologÃ­a,computadora,trabajo","ğŸ’»ğŸ–±ï¸ğŸ“Š"
"arte,pintura,inspiraciÃ³n","ğŸ¨ğŸ–Œï¸ğŸ’¡"
"creatividad,ideas,proyecto","ğŸ’¡ğŸ“âœ¨"
"pelÃ­cula,diversiÃ³n,relajaciÃ³n","ğŸ¥ğŸ¿ğŸ˜Œ"
"escuchar,mÃºsica,alegrÃ­a","ğŸ§ğŸ¶ğŸ˜Š"
"otoÃ±o,hojas,caÃ­da","ğŸğŸ‚ğŸƒ"
"primavera,despertar,flores","ğŸŒ¸ğŸŒ¼ğŸŒ·"
"verano,piscina,sol","ğŸŠâ€â™‚ï¸â˜€ï¸ğŸ˜"
"invierno,calor,fuego","ğŸ”¥ğŸ§¤â„ï¸"
"noche,estrellas,luz","ğŸŒŒâ­ğŸŒ™"
"trabajo,esfuerzo,logro","ğŸ’¼ğŸ†ğŸ’ª"
"cafÃ©,tarde,energÃ­a","â˜•ğŸ’ªğŸ˜Š"
"comida,cena,satisfacciÃ³n","ğŸ½ï¸ğŸ˜‹ğŸ·"
"fiesta,celebrar,felicidad","ğŸ‰ğŸ¥³ğŸ˜Š"
"cine,acciÃ³n,aventura","ğŸ¬ğŸ’¥ğŸ•¶ï¸"
"mÃºsica,danzar,felicidad","ğŸ¶ğŸ’ƒğŸ•º"
"ejercicio,correr,energÃ­a","ğŸƒâ€â™‚ï¸ğŸ’ªğŸ˜…"
"amor,regalo,detalles","ğŸâ¤ï¸ğŸ˜Š"
"lluvia,invierno,frÃ­o","ğŸŒ§ï¸â„ï¸ğŸ§£"
"viaje,cultura,descubrimiento","ğŸŒğŸ—ºï¸âœˆï¸"
"familia,uniÃ³n,hogar","ğŸ â¤ï¸ğŸ‘¨â€ğŸ‘©â€ğŸ‘§â€ğŸ‘¦"
"amigos,risas,compaÃ±Ã­a","ğŸ‘¯â€â™‚ï¸ğŸ˜‚ğŸ˜Š"
"lectura,tarde,paz","ğŸ“šâ˜•ğŸ˜Œ"
"nieve,invierno,abrigarse","ğŸ§¥â„ï¸â›„"
"comida,hamburguesa,satisfacciÃ³n","ğŸ”ğŸ˜‹ğŸŸ"
"chocolate,tarde,placer","ğŸ«â˜•ğŸ˜Š"
"estudio,futuro,esfuerzo","ğŸ“šğŸ“ğŸ’ª"
"viajar,mundo,nuevas experiencias","ğŸŒğŸ—ºï¸ğŸ˜Š"
"descanso,domingo,paz","ğŸ›‹ï¸ğŸ˜Œâ˜€ï¸"
"fiesta,amigos,diversiÃ³n","ğŸ‰ğŸ¥³ğŸ‘¯â€â™‚ï¸"
"fÃºtbol,competencia,emociÃ³n","âš½ğŸ†ğŸ‰"
"cine,comedia,risas","ğŸ¥ğŸ˜‚ğŸ¿"
"paseo,ciudad,descubrimiento","ğŸ™ï¸ğŸš¶â€â™‚ï¸ğŸ˜Š"
"correr,salud,maÃ±ana","ğŸƒâ€â™‚ï¸ğŸŒ…ğŸ’ª"
"cocina,ingredientes,creatividad","ğŸ³ğŸ§‚ğŸ½ï¸"
"naturaleza,caminata,relajaciÃ³n","ğŸŒ²ğŸš¶â€â™‚ï¸ğŸ˜Œ"
"mascotas,gato,diversiÃ³n","ğŸ±ğŸ˜¸ğŸ‰"
"gato,noche,curiosidad","ğŸ±ğŸŒ™ğŸ‘€"
"verano,helado,disfrutar","ğŸ¦â˜€ï¸ğŸ˜‹"
"primavera,lluvia,flores","ğŸŒ§ï¸ğŸŒ¸ğŸŒ¼"
"otoÃ±o,colores,caminar","ğŸğŸš¶â€â™‚ï¸ğŸ‚"
"invierno,nieve,juegos","â„ï¸â›„ğŸ¿"
"viento,hojas,frÃ­o","ğŸƒğŸ‚â„ï¸"
"desayuno,pan,maÃ±ana","ğŸâ˜•ğŸŒ…"
"trabajo,Ã©xito,objetivo","ğŸ’¼ğŸ¯ğŸ†"
"relajaciÃ³n,tarde,paz","ğŸ›‹ï¸ğŸ˜ŒğŸŒ…"
"aventura,montaÃ±a,naturaleza","ğŸ”ï¸ğŸ—ºï¸ğŸŒ²"
"viajar,tren,aventura","ğŸš†ğŸ—ºï¸ğŸ˜Š"
"amor,detalles,regalo","ğŸâ¤ï¸ğŸ˜Š"
"cena,italiana,pasta","ğŸğŸ·ğŸ‡®ğŸ‡¹"
"comida,sushi,japonÃ©s","ğŸ£ğŸ±ğŸ‡¯ğŸ‡µ"
"desayuno,fruta,saludable","ğŸğŸŒğŸ¥"
"fruta,verano,refrescante","ğŸ‰ğŸ“ğŸ’"
"helado,chocolate,placer","ğŸ¦ğŸ«ğŸ˜‹"
"tecnologÃ­a,innovaciÃ³n,futuro","ğŸ’»ğŸŒğŸ”§"
"arte,dibujo,inspiraciÃ³n","ğŸ–ï¸ğŸ¨ğŸ’¡"
"creatividad,proyecto,ideas","ğŸ’¡ğŸ“âœ¨"
"pelÃ­cula,drama,emociones","ğŸ¥ğŸ˜¢ğŸ¿"
"escuchar,podcast,inspiraciÃ³n","ğŸ§ğŸ™ï¸ğŸ’¡"
"viajar,mundo,culturas,vida","ğŸŒâœˆï¸ğŸ˜Š"
"cafÃ©,olor,maÃ±ana","â˜•ğŸ‘ƒğŸŒ…"
"tarde,tranquila,casa,libro","ğŸ“šğŸ›‹ï¸ğŸ˜Œ"
"felicidad,familia,amigos","ğŸ˜ŠğŸ‘¨â€ğŸ‘©â€ğŸ‘§â€ğŸ‘¦ğŸ‘¯â€â™‚ï¸"
"pelÃ­cula,acciÃ³n,fin de semana","ğŸ¬ğŸ’¥ğŸ¿"
"mÃºsica,escape,estrÃ©s","ğŸ¶ğŸ˜ŒğŸ’ª"
"caminata,playa,sol,verano","ğŸ–ï¸â˜€ï¸ğŸš¶â€â™‚ï¸"
"diversiÃ³n,carcajadas,gracioso","ğŸ¤£ğŸ˜†ğŸ˜‚"
"tristeza,deprimido,desconsolado","ğŸ˜ğŸ˜ŸğŸ˜¢"
"peligro,muerte,pirata","â˜ ï¸ğŸ’€ğŸ´â€â˜ ï¸"
"extraterrestre,alien,espacio","ğŸ‘½ğŸ›¸ğŸ‘¾"
"fantasma,terror,halloween","ğŸ‘»ğŸƒğŸ‘¹"
"mascota,gato,felino","ğŸ˜¸ğŸ˜¹ğŸ˜»"
"fiesta,disfraz,diversiÃ³n","ğŸ­ğŸ‰ğŸ¥³"
"dinero,riqueza,lujo","ğŸ’°ğŸ’ğŸ’µ"
"pirata,peligro,aventura","ğŸ´â€â˜ ï¸ğŸ’€âš“"
"astronauta,espacio,exploraciÃ³n","ğŸ‘¨â€ğŸš€ğŸš€ğŸŒŒ"
"nave,viaje,espacio","ğŸ›¸ğŸš€ğŸŒ"
"computadora,tecnologÃ­a,cÃ³digo","ğŸ’»ğŸ–¥ï¸âŒ¨ï¸"
"magia,fantasÃ­a,hechizo","ğŸª„ğŸ”®âœ¨"
"lluvia,paraguas,otoÃ±o","ğŸŒ§ï¸â˜”ğŸ‚"
"mÃºsica,nota,instrumento","ğŸ¶ğŸµğŸ¼"
"juguetes,diversiÃ³n,niÃ±os","ğŸ§¸ğŸš‚ğŸ²"
"misterio,detective,intriga","ğŸ•µï¸â€â™‚ï¸ğŸ•¶ï¸ğŸ”"
"noche,estrellas,luna","ğŸŒŒğŸŒ™â­"
"guitarra,mÃºsica,rock","ğŸ¸ğŸ¶ğŸ¤˜"
"robot,tecnologÃ­a,futuro","ğŸ¤–âš™ï¸ğŸ”§"
"emoji,risa,carcajada","ğŸ¤£ğŸ˜‚ğŸ˜†"
"familia,hogar,cariÃ±o","ğŸ ğŸ‘¨â€ğŸ‘©â€ğŸ‘§â€ğŸ‘¦â¤ï¸"
"comida,almuerzo,delicioso","ğŸ½ï¸ğŸ¥—ğŸ˜‹"
"playa,verano,sol","ğŸ–ï¸â˜€ï¸ğŸŒŠ"
"fuego,calor,invierno","ğŸ”¥ğŸ§£â„ï¸"
"deporte,ejercicio,salud","ğŸ‹ï¸â€â™‚ï¸ğŸ¤¸â€â™‚ï¸ğŸƒâ€â™‚ï¸"
"biblioteca,libros,estudio","ğŸ“šğŸ«ğŸ“"
"artista,creatividad,pintura","ğŸ¨ğŸ–Œï¸ğŸ–¼ï¸"
"campamento,tienda,naturaleza","ğŸ•ï¸ğŸŒ²ğŸ”¥"
"ciudad,edificios,modernidad","ğŸ™ï¸ğŸ¢ğŸŒ†"
"viaje,maleta,aeropuerto","ğŸ§³âœˆï¸ğŸ¨"
"televisiÃ³n,serie,relajaciÃ³n","ğŸ“ºğŸ¿ğŸ›‹ï¸"
"cafÃ©,maÃ±ana,despertar","â˜•ğŸŒ…â°"
"corazÃ³n,amor,romÃ¡ntico","â¤ï¸ğŸ’–ğŸ’˜"
"fuego,emergencia,bombero","ğŸ”¥ğŸš’ğŸ‘¨â€ğŸš’"
"baile,celebraciÃ³n,alegrÃ­a","ğŸ’ƒğŸ•ºğŸ‰"
"jardÃ­n,plantas,flor","ğŸŒ·ğŸŒ»ğŸŒ¼"
"fotografÃ­a,cÃ¡mara,recuerdos","ğŸ“¸ğŸï¸ğŸ–¼ï¸"
"fiesta,bebida,amigos","ğŸ¥‚ğŸ»ğŸ‘¯â€â™‚ï¸"
"diamante,lujo,riqueza","ğŸ’ğŸ‘‘ğŸ’"
"barco,mar,viaje","ğŸš¢âš“ğŸŒŠ"
"medicina,salud,hospital","ğŸ¥ğŸ’‰ğŸ’Š"
"reuniÃ³n,trabajo,oficina","ğŸ’¼ğŸ—‚ï¸ğŸ“Š"
"desayuno,huevo,energÃ­a","ğŸ³ğŸ¥šâ˜€ï¸"
"romÃ¡ntico,beso,enamorado","ğŸ˜—ğŸ˜˜ğŸ˜š"
"felicidad,contento,alegre","ğŸ˜€ğŸ˜ƒğŸ˜„"
"astuto,diablo,travesura","ğŸ‘¿ğŸ˜ˆğŸ‘º"
"enfermedad,salud,mÃ©dico","ğŸ˜·ğŸ¤¢ğŸ¤®"
"sorpresa,asombro,impacto","ğŸ˜²ğŸ˜®ğŸ˜¯"
"tristeza,llanto,lÃ¡grimas","ğŸ˜­ğŸ˜¿ğŸ™€"
"pensativo,reflexiÃ³n,meditaciÃ³n","ğŸ¤”ğŸ¤¨ğŸ¤”"
"confusiÃ³n,duda,inseguridad","ğŸ˜•ğŸ™ğŸ˜Ÿ"
"calor,sofoco,verano","ğŸ¥µğŸ˜…ğŸ”¥"
"frÃ­o,invernal,temblor","ğŸ¥¶ğŸ˜¨â„ï¸"
"enamorado,amor,corazÃ³n","ğŸ˜ğŸ¥°â¤ï¸"
"desprecio,fastidio,indiferencia","ğŸ˜’ğŸ˜¤ğŸ˜¡"
"nausea,malestar,indigestiÃ³n","ğŸ¤¢ğŸ¤®ğŸ¤¢"
"risa,diversiÃ³n,alegrÃ­a","ğŸ˜…ğŸ˜†ğŸ˜‚"
"orgullo,satisfacciÃ³n,logro","ğŸ˜ŒğŸ˜ğŸ˜‡"
"desesperaciÃ³n,estrÃ©s,agotamiento","ğŸ˜«ğŸ˜©ğŸ˜“"
"asustado,miedo,temor","ğŸ˜±ğŸ˜°ğŸ˜¨"
"cansancio,sueÃ±o,fatiga","ğŸ˜ªğŸ¥±ğŸ˜´"
"enojado,frustrado,ira","ğŸ˜ ğŸ˜¡ğŸ˜¤"
"disfraz,fiesta,halloween","ğŸ‘ºğŸ­ğŸƒ"
"robot,tecnologÃ­a,futuro","ğŸ¤–ğŸ‘¾ğŸ›¸"
"avaricia,riqueza,codicia","ğŸ¤‘ğŸ’°ğŸ¤‘"
"pÃ­caro,coqueto,guiÃ±o","ğŸ˜‰ğŸ˜œğŸ˜›"
"pensativo,dudoso,meditaciÃ³n","ğŸ˜ğŸ˜‘ğŸ¤”"
"encantado,felicidad,amor","ğŸ˜ğŸ˜‡ğŸ¥°"
"aburrido,indiferencia,desÃ¡nimo","ğŸ˜’ğŸ˜‘ğŸ™„"
"beso,amor,romÃ¡ntico","ğŸ˜™ğŸ˜˜ğŸ˜š"
"enojado,diablo,furia","ğŸ‘¿ğŸ˜ˆğŸ‘º"
"alegrÃ­a,felicidad,risa","ğŸ˜€ğŸ˜ƒğŸ˜„"
"orgullo,Ã©xito,confianza","ğŸ˜ŒğŸ˜ğŸ˜Š"
"entusiasmo,diversiÃ³n,fiesta","ğŸ¥³ğŸ‰ğŸŠ"
"enfermo,malestar,dolor","ğŸ¤’ğŸ¤•ğŸ¤¢"
"explorar,lugares,descubrir,interesante","ğŸ—ºï¸âœˆï¸ğŸ”"
"tÃ©,caliente,noche,invierno","ğŸµâ„ï¸ğŸŒ™"
"fin de semana,cocinar,recetas","ğŸ³ğŸ‘¨â€ğŸ³ğŸ½ï¸"
"correr,parque,forma,ejercicio","ğŸƒâ€â™‚ï¸ğŸŒ³ğŸ’ª"
"primavera,mejor,Ã©poca,flores,sol","ğŸŒ¸ğŸŒğŸ˜Š"
"celebrar,momentos,seres queridos","ğŸ‰â¤ï¸ğŸ‘¨â€ğŸ‘©â€ğŸ‘§â€ğŸ‘¦"
"siesta,almuerzo,delicioso,descanso","ğŸ˜´ğŸ´ğŸ˜Œ"
"relajaciÃ³n,naturaleza,paz","ğŸŒ²ğŸ˜ŒğŸƒ"
"paseo,ciudad,explorar,rincÃ³n","ğŸš¶â€â™‚ï¸ğŸ™ï¸ğŸ˜Š"
"emociÃ³n,equipo,ganar,partido","âš½ğŸ†ğŸ‰"
"lectura,inspiraciÃ³n,mundos","ğŸ“šğŸ’¡ğŸŒ"
"arte,creatividad,inspiraciÃ³n","ğŸ¨ğŸ’¡âœ¨"
"tecnologÃ­a,futuro,innovaciÃ³n","ğŸ’»ğŸ”§ğŸŒ"
"familia,uniÃ³n,hogar,amor","ğŸ â¤ï¸ğŸ‘¨â€ğŸ‘©â€ğŸ‘§â€ğŸ‘¦"
"invierno,fuego,calor,hogar","ğŸ”¥ğŸ â„ï¸"
"verano,sol,diversiÃ³n,amigos","â˜€ï¸ğŸ˜ğŸ‘¯â€â™‚ï¸"
"nieve,juegos,invierno,diversiÃ³n","â„ï¸â›„ğŸ¿"
"noche,luna,estrellas,paz","ğŸŒ™â­ğŸ˜Œ"
"trabajo,concentraciÃ³n,Ã©xito","ğŸ’¼ğŸ§ ğŸ†"
"comida,pizza,satisfacciÃ³n","ğŸ•ğŸ˜‹ğŸ´"
"amor,corazÃ³n,romÃ¡ntico","â¤ï¸ğŸ˜ğŸ’"
"viaje,aventura,descubrimiento","ğŸ—ºï¸âœˆï¸ğŸŒ"
"relajaciÃ³n,baÃ±o,paz","ğŸ›ğŸ˜Œ"
"mascotas,perro,compaÃ±ero","ğŸ¶â¤ï¸ğŸ˜Š"
"tecnologÃ­a,computadora,futuro","ğŸ’»ğŸŒğŸ”§"
"lectura,tarde,cafÃ©,paz","ğŸ“šâ˜•ğŸ˜Œ"
"cine,drama,emociones","ğŸ¥ğŸ˜¢ğŸ¿"
"felicidad,sonrisa,diversiÃ³n,niÃ±os","ğŸ˜„ ğŸ§’ ğŸ‘¦ ğŸ˜Š"
"familia,amor,uniÃ³n,abrazos","ğŸ‘¨â€ğŸ‘©â€ğŸ‘§â€ğŸ‘¦ â¤ï¸ ğŸ¤— ğŸ¥°"
"comida,delicioso,hamburguesa,felicidad","ğŸ” ğŸ˜‹ ğŸ˜Š ğŸŸ"
"cafÃ©,despertar,energÃ­a,trabajo","â˜• ğŸ˜ƒ ğŸ‘¨â€ğŸ’» ğŸ’ª"
"perro,mascota,amor,diversiÃ³n","ğŸ¶ â¤ï¸ ğŸ¾ ğŸ˜‚"
"correr,ejercicio,salud,amigos","ğŸƒâ€â™‚ï¸ ğŸ’ª ğŸ˜Š ğŸ‘¯"
"invierno,frÃ­o,calor,chocolate","â„ï¸ ğŸ¥¶ ğŸ”¥ ğŸ«"
"noche,luna,tranquilidad,relajaciÃ³n","ğŸŒ™ ğŸ˜Œ ğŸ™ƒ ğŸ›ï¸"
"verano,sol,playa,diversiÃ³n","â˜€ï¸ ğŸ–ï¸ ğŸ˜ ğŸŠâ€â™‚ï¸"
"mÃºsica,escuchar,alegrÃ­a,baile","ğŸ¶ ğŸ˜Š ğŸ’ƒ ğŸ•º"
"trabajo,proyecto,concentraciÃ³n,cafÃ©","ğŸ’¼ ğŸ§‘â€ğŸ’» ğŸ¤” â˜•"
"cumpleaÃ±os,fiesta,pastel,globos","ğŸ‰ ğŸ‚ ğŸ¥³ ğŸˆ"
"amigos,risa,diversiÃ³n,juegos","ğŸ‘¯ ğŸ˜‚ ğŸ˜Š ğŸ®"
"comida,pizza,cenar,amigos","ğŸ• ğŸ´ ğŸ§‘â€ğŸ³ ğŸ˜‹"
"invierno,nieve,bufanda,calor","â„ï¸ ğŸ§£ ğŸ§¤ ğŸ”¥"
"familia,reuniÃ³n,cena,amor","ğŸ‘µ ğŸ‘´ ğŸ‘¨â€ğŸ‘©â€ğŸ‘§â€ğŸ‘¦ â¤ï¸"
"arte,creatividad,inspiraciÃ³n,pintura","ğŸ¨ ğŸ’¡ ğŸ–Œï¸ ğŸ‘©â€ğŸ¨"
"lectura,libro,tarde,tranquilidad","ğŸ“š â˜• ğŸ˜Œ ğŸ›‹ï¸"
"verano,helado,fruta,placer","ğŸ¦ ğŸ“ ğŸ˜Š â˜€ï¸"
"cine,acciÃ³n,emociÃ³n,palomitas","ğŸ¥ ğŸ’¥ ğŸ˜² ğŸ¿"
"naturaleza,caminata,paz,aire fresco","ğŸŒ² ğŸš¶â€â™‚ï¸ ğŸ˜Œ ğŸƒ"
"aventura,montaÃ±a,explorar,adrenalina","ğŸ”ï¸ ğŸ˜ƒ ğŸ§—â€â™‚ï¸ ğŸ¤©"
"relajaciÃ³n,spa,masaje,paz","ğŸ˜Œ ğŸ§–â€â™‚ï¸ ğŸ§–â€â™€ï¸ ğŸ•¯ï¸"
"tecnologÃ­a,computadora,innovaciÃ³n,futuro","ğŸ’» ğŸ‘¨â€ğŸ’» ğŸ’¡ ğŸš€"
"ocio,videojuegos,consola,competencia","ğŸ® ğŸ‘¾ ğŸ•¹ï¸ ğŸ˜"
"viaje,aviÃ³n,aventura,mundo","âœˆï¸ ğŸŒ ğŸ§³ ğŸ˜ƒ"
"familia,picnic,sol,amor","ğŸ‘¨â€ğŸ‘©â€ğŸ‘§â€ğŸ‘¦ ğŸ‰ â˜€ï¸ â¤ï¸"
"cocina,hornear,recetas,delicioso","ğŸ‘¨â€ğŸ³ ğŸ° ğŸ˜‹ ğŸ§"
"invierno,esquÃ­,frÃ­o,adrenalina","ğŸ¿ ğŸ¥¶ ğŸ¤© â„ï¸"
"verano,barbacoa,amigos,diversiÃ³n","ğŸ– ğŸ» ğŸ‘¯â€â™‚ï¸ ğŸ˜„"
"correr,parque,ejercicio,energÃ­a","ğŸƒâ€â™‚ï¸ ğŸŒ³ ğŸ’ª ğŸ˜Š"
"comida,postre,dulce,felicidad","ğŸ° ğŸ® ğŸ˜‹ ğŸ˜Š"
"fiesta,halloween,disfraces,terror","ğŸƒ ğŸ‘» ğŸ˜± ğŸ§™â€â™€ï¸"
"mÃºsica,concierto,baile,emociÃ³n","ğŸ¤ ğŸ’ƒ ğŸ¶ ğŸ•º"
"ocio,lectura,silencio,concentraciÃ³n","ğŸ“š ğŸ¤« ğŸ§  ğŸ˜Œ"
"arte,galerÃ­a,escultura,creatividad","ğŸ–¼ï¸ ğŸ’¡ ğŸ¨ âœ¨"
"deporte,baloncesto,cancha,competencia","ğŸ€ ğŸ… ğŸ˜¤ ğŸ¤¾â€â™‚ï¸"
"fiesta,celebraciÃ³n,felicidad","ğŸ‰ğŸ¥³ğŸ˜Š"
"arte,pintura,inspiraciÃ³n,creatividad","ğŸ¨ğŸ–Œï¸ğŸ’¡"
"mÃºsica,escuchar,paz,alegrÃ­a","ğŸ§ğŸ¶ğŸ˜Š"
"naturaleza,caminata,relajaciÃ³n,paz","ğŸŒ²ğŸš¶â€â™‚ï¸ğŸ˜Œ"
"felicidad,sonrisa,diversiÃ³n,risa","ğŸ˜„ ğŸ˜… ğŸ˜‚ ğŸ¤£"
"sonrisa,felicidad,alegrÃ­a,cuidado","ğŸ˜Š ğŸ˜ ğŸ¥° ğŸ˜˜"
"besos,alegrÃ­a,juego,felicidad","ğŸ˜™ ğŸ˜› ğŸ˜œ ğŸ¤ª"
"beso,favorito,diversiÃ³n,dulzura","ğŸ˜š ğŸ˜‹ ğŸ¤‘ ğŸ¤—"
"pensar,sorpresa,duda,silencio","ğŸ¤­ ğŸ¤« ğŸ¤” ğŸ¤"
"bebÃ©,niÃ±o,adolescente,niÃ±a","ğŸ‘¶ ğŸ§’ ğŸ‘¦ ğŸ‘§"
"persona,mujer,hombre,anciano","ğŸ§‘ ğŸ‘© ğŸ‘¨ ğŸ§“"
"anciano,anciana,barba,rubio","ğŸ‘µ ğŸ‘´ ğŸ§” ğŸ‘±"
"rubio,mujer,pelirrojo,hombre","ğŸ‘±â€â™‚ï¸ ğŸ‘±â€â™€ï¸ ğŸ‘¨â€ğŸ¦° ğŸ‘©â€ğŸ¦°"
"hombre,ricitos de oro,mujer,pelirroja","ğŸ‘¨â€ğŸ¦± ğŸ‘©â€ğŸ¦± ğŸ‘¨â€ğŸ¦² ğŸ‘©â€ğŸ¦²"
"canoso,canosa,hombre,barba","ğŸ‘¨â€ğŸ¦³ ğŸ‘©â€ğŸ¦³ ğŸ§”â€â™‚ï¸ ğŸ§”â€â™€ï¸"
"cultura,oriental,jeque,mujer musulmana","ğŸ‘² ğŸ‘³ ğŸ‘³â€â™‚ï¸ ğŸ‘³â€â™€ï¸"
"mujer,hombre,policÃ­a,constructor","ğŸ‘® ğŸ‘®â€â™‚ï¸ ğŸ‘®â€â™€ï¸ ğŸ‘·"
"constructor,guardia,hombre,mujer","ğŸ‘·â€â™‚ï¸ ğŸ‘·â€â™€ï¸ ğŸ’‚ ğŸ’‚â€â™‚ï¸"
"mujer,detective,mÃ©dico,hombre","ğŸ’‚â€â™€ï¸ ğŸ•µï¸ ğŸ•µï¸â€â™‚ï¸ ğŸ‘©â€âš•ï¸"
"mujer,doctor,hombre,agricultor","ğŸ‘¨â€âš•ï¸ ğŸ‘©â€ğŸŒ¾ ğŸ‘¨â€ğŸŒ¾ ğŸ‘©â€ğŸ³"
"hombre,cocinero,graduaciÃ³n,cantante","ğŸ‘¨â€ğŸ³ ğŸ‘©â€ğŸ“ ğŸ‘¨â€ğŸ“ ğŸ‘©â€ğŸ¤"
"graduado,hombre,profesor,hombre","ğŸ‘¨â€ğŸ¤ ğŸ‘©â€ğŸ« ğŸ‘¨â€ğŸ« ğŸ‘©â€ğŸ­"
"hombre,trabajador,hombre,programador","ğŸ‘¨â€ğŸ­ ğŸ‘©â€ğŸ’» ğŸ‘¨â€ğŸ’» ğŸ‘©â€ğŸ’¼"
"hombre,trabajador,hombre,mujer","ğŸ‘¨â€ğŸ’¼ ğŸ‘©â€ğŸ”§ ğŸ‘¨â€ğŸ”§ ğŸ‘©â€ğŸ”¬"
"cientÃ­fico,hombre,pintor,mujer","ğŸ‘¨â€ğŸ”¬ ğŸ‘©â€ğŸ¨ ğŸ‘¨â€ğŸ¨ ğŸ‘©â€ğŸš’"
"hombre,bombero,piloto,mujer","ğŸ‘¨â€ğŸš’ ğŸ‘©â€âœˆï¸ ğŸ‘¨â€âœˆï¸ ğŸ‘©â€ğŸš€"
"astronauta,hombre,mujer,rey","ğŸ‘¨â€ğŸš€ ğŸ‘©â€âš–ï¸ ğŸ‘¨â€âš–ï¸ ğŸ‘°"
"rey,reina,ninja,hÃ©roe","ğŸ¤µ ğŸ‘¸ ğŸ¤´ ğŸ¥·"
"superhÃ©roe,hÃ©roe,mujer,brujo","ğŸ¦¸ ğŸ¦¸â€â™‚ï¸ ğŸ¦¸â€â™€ï¸ ğŸ¦¹"
"mujer,bruja,hada,vampiro","ğŸ¦¹â€â™‚ï¸ ğŸ¦¹â€â™€ï¸ ğŸ§™ ğŸ§™â€â™‚ï¸"
"mujer,hombre,hada,sirena","ğŸ§™â€â™€ï¸ ğŸ§š ğŸ§šâ€â™‚ï¸ ğŸ§šâ€â™€ï¸"
"vampiro,hombre,vampira,sirena","ğŸ§› ğŸ§›â€â™‚ï¸ ğŸ§›â€â™€ï¸ ğŸ§œ"
"sirena,hombre,hada,sirena","ğŸ§œâ€â™‚ï¸ ğŸ§œâ€â™€ï¸ ğŸ§ ğŸ§â€â™‚ï¸"
"sirena,mujer,djinn,genio","ğŸ§â€â™€ï¸ ğŸ§ ğŸ§â€â™‚ï¸ ğŸ§â€â™€ï¸"
"mujer,monstruo,zombi,hombre","ğŸ§Ÿ ğŸ§Ÿâ€â™‚ï¸ ğŸ§Ÿâ€â™€ï¸ ğŸ‘¼"
"niÃ±o,embarazada,mujer,lactante","ğŸ¤° ğŸ¤± ğŸ‘©â€ğŸ¼ ğŸ‘¨â€ğŸ¼"
"lactancia,mujer,hombre,niÃ±o","ğŸ§‘â€ğŸ¼ ğŸ™‡ ğŸ™‡â€â™‚ï¸ ğŸ™‡â€â™€ï¸"
"mujer,pregunta,hombre,persona","ğŸ’ ğŸ’â€â™‚ï¸ ğŸ’â€â™€ï¸ ğŸ™…"
"pregunta,hombre,mujer,frustraciÃ³n","ğŸ™…â€â™‚ï¸ ğŸ™…â€â™€ï¸ ğŸ™† ğŸ™†â€â™‚ï¸"
"mujer,niÃ±o,hombre,persona","ğŸ™†â€â™€ï¸ ğŸ™‹ ğŸ™‹â€â™‚ï¸ ğŸ™‹â€â™€ï¸"
"mujer,hombre,sordo,mujer","ğŸ§ ğŸ§â€â™‚ï¸ ğŸ§â€â™€ï¸ ğŸ™"
"hombre,mujer,persona,mujer","ğŸ™â€â™‚ï¸ ğŸ™â€â™€ï¸ ğŸ™ ğŸ™â€â™‚ï¸"
"hombre,mujer,mujer,estilista","ğŸ™â€â™€ï¸ ğŸ’‡ ğŸ’‡â€â™‚ï¸ ğŸ’‡â€â™€ï¸"
"peluquerÃ­a,mujer,hombre,mujer","ğŸ’† ğŸ’†â€â™‚ï¸ ğŸ’†â€â™€ï¸ ğŸ§–"
"mujer,niÃ±o,hombre,persona","ğŸ§–â€â™‚ï¸ ğŸ§–â€â™€ï¸ ğŸ§ ğŸ§â€â™‚ï¸"
"mujer,persona,hombre,danza","ğŸ§â€â™€ï¸ ğŸƒ ğŸƒâ€â™‚ï¸ ğŸƒâ€â™€ï¸"
"mujer,baile,hombre,persona","ğŸ’ƒ ğŸ•º ğŸ•´ï¸ ğŸ‘¯"
"mujer,hombre,mujer,persona","ğŸ‘¯â€â™‚ï¸ ğŸ‘¯â€â™€ï¸ ğŸ§³ ğŸ‘‹"
"hola,saludo,mensaje,buen dÃ­a","ğŸ¤š ğŸ‘‹ ğŸ‘ ğŸ‘Š"
"dedos,ok,seÃ±as,super","âœŒï¸ ğŸ¤ ğŸ¤Ÿ ğŸ¤˜"
"mano,seÃ±as,conectar,pulgar arriba","ğŸ¤™ ğŸ‘Œ ğŸ¤ ğŸ‘‰"
"saludo,dedo pulgar arriba,indicaciÃ³n,espectÃ¡culo","ğŸ‘† ğŸ–– âœ‹ ğŸ¤š"
"dedos,conectar,apoyo,saludo","âœ‹ ğŸ–– ğŸ¤² ğŸ‘Š"
"pulgar abajo,puÃ±o cerrado,mano abierta,aplauso","ğŸ¤œ ğŸ‘ ğŸ¤› ğŸ‘‹"
"aplauso,manos arriba,abrazo,solidaridad","ğŸ‘ ğŸ™Œ ğŸ‘ ğŸ¤"
"oraciÃ³n,apoyo,aplauso,solidaridad","ğŸ™ âœï¸ ğŸ¤³ ğŸ’ª"
"ejercicio,brazos,mÃºsculo,aplauso","ğŸ¦¾ ğŸ‘Œ âœŠ ğŸ¤™"
"piernas,ejercicio,salud,correr","ğŸ¦¶ ğŸ¦¿ ğŸ¦µ ğŸ¦»"
"oÃ­do,escucha,atenciÃ³n,mirada","ğŸ‘‚ ğŸ‘ƒ ğŸ‘€ ğŸ‘ï¸"
"desagrado,molestia,frustraciÃ³n,cansancio","ğŸ¤¨ ğŸ˜ ğŸ˜‘ ğŸ˜¶"
"coqueterÃ­a,desagrado,preocupaciÃ³n,incomodidad","ğŸ˜ ğŸ˜’ ğŸ™„ ğŸ˜¬"
"mentira,disgusto,silencio,tristeza","ğŸ¤¥ ğŸ˜Œ ğŸ˜” ğŸ˜ª"
"dormir,descanso,frÃ­o,enfermedad","ğŸ¤¤ ğŸ˜´ ğŸ˜· ğŸ¤’"
"preocupaciÃ³n,frustraciÃ³n,ansiedad,salud","ğŸ¤• ğŸ¤¢ ğŸ¤® ğŸ¤§"
"sorpresa,confusiÃ³n,admiraciÃ³n,mareos","ğŸ˜µ ğŸ¤¯ ğŸ˜µâ€ğŸ’« ğŸ¥º"
"alegrÃ­a,diversiÃ³n,aventura,confusiÃ³n","ğŸ¤  ğŸ˜ ğŸ¤“ ğŸ§"
"desconcierto,confusiÃ³n,miedo,frustraciÃ³n","ğŸ˜• ğŸ˜Ÿ ğŸ™ â˜¹ï¸"
"confusiÃ³n,sorpresa,despertar,asombro","ğŸ˜® ğŸ˜¯ ğŸ˜² ğŸ˜³"
"sorpresa,asombro,miedo,susto","ğŸ˜¦ ğŸ˜§ ğŸ˜¨ ğŸ˜°"
"llorar,tristeza,desgarrador,llanto","ğŸ˜¥ ğŸ˜¢ ğŸ˜­ ğŸ˜±"
"frustraciÃ³n,dolor,sufrimiento,cansancio","ğŸ˜– ğŸ˜£ ğŸ˜ ğŸ˜“"
"cansancio,aburrimiento,sueÃ±o,pereza","ğŸ˜© ğŸ˜« ğŸ¥± ğŸ˜¤"
"ira,furia,frustraciÃ³n,enojo","ğŸ˜¡ ğŸ˜  ğŸ¤¬ ğŸ¤¯"
"calor,frÃ­o,neblina,tristeza","ğŸ¥µ ğŸ¥¶ ğŸ˜¶â€ğŸŒ«ï¸ ğŸ˜²"
"descanso,cama,sueÃ±o,tranquilidad","ğŸ›ï¸ğŸ˜´ğŸ˜Œ"
"verano,playa,sol,arena,mar,diversiÃ³n","ğŸ–ï¸â˜€ï¸ğŸŒŠğŸ˜"
"invierno,nieve,frÃ­o,chimenea,manta,calor","â„ï¸ğŸ”¥ğŸ§£ğŸ›‹ï¸"
"familia,reuniÃ³n,comida,cariÃ±o,amor,fiesta","ğŸ‘¨â€ğŸ‘©â€ğŸ‘§â€ğŸ‘¦ğŸ½ï¸â¤ï¸ğŸ‰"
"mÃºsica,concierto,baile,energÃ­a,diversiÃ³n,amigos","ğŸ¤ğŸ’ƒğŸ‰âš¡ğŸ‘¯â€â™‚ï¸"
"trabajo,oficina,papeles,estrÃ©s,cafÃ©,nocturno","ğŸ’¼ğŸ“‘ğŸ˜“â˜•ğŸŒ™"
"naturaleza,montaÃ±a,rÃ­o,paz,relajaciÃ³n,aire fresco","ğŸŒ²ğŸï¸ğŸ’§ğŸ˜ŒğŸ’¨"
"viaje,aviÃ³n,explorar,cultura,mundo,aventura","âœˆï¸ğŸ—ºï¸ğŸŒğŸ“¸ğŸŒŸ"
"arte,pintura,exposiciÃ³n,inspiraciÃ³n,creatividad,galerÃ­a","ğŸ¨ğŸ–¼ï¸ğŸ’¡âœ¨ğŸ›ï¸"
"cine,acciÃ³n,explosiones,adrenalina,superhÃ©roes,efectos especiales","ğŸ¬ğŸ’¥ğŸš—âš¡ğŸ¦¸â€â™‚ï¸"
"invierno,esquÃ­,montaÃ±a,nieve,adrenalina,diversiÃ³n","ğŸ¿ğŸ”ï¸â„ï¸âš¡ğŸ˜Š"
"ocio,lectura,cafÃ©,tarde,sillÃ³n,relajaciÃ³n","ğŸ“šâ˜•ğŸ›‹ï¸ğŸ˜Œ"
"verano,fiesta,piscina,sol,mÃºsica,refrescante","ğŸŠâ€â™‚ï¸ğŸ‰â˜€ï¸ğŸ¶ğŸ¹"
"comida,pizza,amigos,cena,diversiÃ³n,satisfacciÃ³n","ğŸ•ğŸ‘¯â€â™‚ï¸ğŸ½ï¸ğŸ˜Š"
"invierno,patinaje,hielo,caÃ­das,risas,amigos","â›¸ï¸â„ï¸ğŸ˜‚ğŸ‘¯â€â™‚ï¸"
"familia,amor,cariÃ±o,niÃ±os,felicidad,compartir","ğŸ‘¨â€ğŸ‘©â€ğŸ‘§â€ğŸ‘¦â¤ï¸ğŸ˜Š"
"trabajo,equipo,proyecto,meta,Ã©xito,logro","ğŸ’¼ğŸ¤ğŸ¯ğŸ†"
"verano,surf,olas,mar,playa,diversiÃ³n","ğŸ„â€â™‚ï¸ğŸŒŠğŸ–ï¸ğŸ˜"
"naturaleza,caminata,montaÃ±a,rÃ­o,aire fresco,tranquilidad","ğŸŒ²ğŸï¸ğŸš¶â€â™‚ï¸ğŸ’§ğŸ˜ŒğŸ’¨"
"cine,romÃ¡ntico,pareja,amor,noche,beso","ğŸ¥â¤ï¸ğŸŒ™ğŸ’"
"aventura,excursiÃ³n,desierto,dunas,camellos,cultura","ğŸœï¸ğŸ«ğŸŒ…"
"ocio,pelÃ­cula,palomitas,sofÃ¡,relajaciÃ³n,noche","ğŸ¥ğŸ¿ğŸ›‹ï¸ğŸ˜ŒğŸŒ™"
"mÃºsica,guitarra,rock,concierto,energÃ­a,baile","ğŸ¸ğŸ¤âš¡ğŸ’ƒğŸ¶"
"familia,picnic,campo,comida,sol,diversiÃ³n","ğŸ‘¨â€ğŸ‘©â€ğŸ‘§â€ğŸ‘¦ğŸ‰ğŸŒğŸŒ³ğŸ˜Š"
"invierno,nieve,juegos,esquÃ­,diversiÃ³n,amigos","â„ï¸ğŸ¿ğŸ˜ŠğŸ‘¯â€â™‚ï¸"
"trabajo,proyecto,desafÃ­os,concentraciÃ³n,esfuerzo,meta","ğŸ’¼ğŸ“…ğŸ§ ğŸ’ªğŸ¯"
"verano,playa,sol,mÃºsica,bebidas,fiesta","ğŸ–ï¸â˜€ï¸ğŸ¶ğŸ¹ğŸ‰"
"familia,amor,reuniÃ³n,comida,celebraciÃ³n,cariÃ±o","ğŸ‘¨â€ğŸ‘©â€ğŸ‘§â€ğŸ‘¦ğŸ½ï¸â¤ï¸ğŸ‰"
"tecnologÃ­a,drones,vuelos,fotografÃ­a,aÃ©rea,innovaciÃ³n","ğŸšğŸ“¸ğŸŒğŸ’¡"
"invierno,montaÃ±a,esquÃ­,nieve,frÃ­o,adrenalina","ğŸ¿ğŸ”ï¸â„ï¸ğŸ§£âš¡"
"naturaleza,selva,exploraciÃ³n,animales,aventura,tropical","ğŸŒ´ğŸ¦ğŸ¦œğŸ—ºï¸ğŸŒ³"
"arte,galerÃ­a,escultura,museo,inspiraciÃ³n,creatividad","ğŸ¨ğŸ–¼ï¸ğŸ’¡ğŸ›ï¸âœ¨"
"verano,mar,sol,bronceado,relajaciÃ³n,arena","ğŸ–ï¸ğŸŒğŸ˜"
"familia,reuniÃ³n,navidad,regalos,amor,felicidad","ğŸ„ğŸğŸ‘¨â€ğŸ‘©â€ğŸ‘§â€ğŸ‘¦â¤ï¸ğŸ˜Š"
"trabajo,oficina,cafÃ©,documentos,estrÃ©s,deadline","ğŸ’¼â˜•ğŸ“‘ğŸ˜“"
"ocio,lectura,paz,relajaciÃ³n,sillÃ³n,cafÃ©","ğŸ“šğŸ˜ŒğŸ›‹ï¸â˜•"
"tecnologÃ­a,robot,IA,futuro,innovaciÃ³n,desarrollo","ğŸ¤–ğŸ’¡ğŸŒğŸš€"
"ciencia,experimentaciÃ³n,laboratorio,descubrimientos,futuro,tecnologÃ­a","ğŸ”¬ğŸ§ªğŸ’¡ğŸŒğŸš€"
"viaje,aventura,montaÃ±a,naturaleza,explorar","ğŸ”ï¸ğŸ—ºï¸ğŸŒ²âœˆï¸"
"cena,romÃ¡ntico,vino,velas,mÃºsica,suave","ğŸ·â¤ï¸ğŸ•¯ï¸ğŸ¶"
"familia,navidad,regalos,celebraciÃ³n,felicidad","ğŸ„ğŸğŸ‘¨â€ğŸ‘©â€ğŸ‘§â€ğŸ‘¦ğŸ‰"
"playa,sol,arena,mar,verano,diversiÃ³n","ğŸ–ï¸ğŸŒğŸŒŠğŸ˜"
"invierno,chimenea,manta,calor,libro,relajaciÃ³n","ğŸ”¥ğŸ›‹ï¸ğŸ“šğŸ˜Œ"
"fiesta,cumpleaÃ±os,globos,pastel,amigos,alegrÃ­a","ğŸ‰ğŸˆğŸ‚ğŸ‘¯â€â™‚ï¸ğŸ˜Š"
"ocio,pelÃ­cula,palomitas,sofÃ¡,noche,tranquilidad","ğŸ¥ğŸ¿ğŸ›‹ï¸ğŸŒ™ğŸ˜Œ"
"ejercicio,gimnasio,mÃºsculos,pesado,esfuerzo,salud","ğŸ‹ï¸â€â™‚ï¸ğŸ’ªğŸ˜“ğŸƒâ€â™‚ï¸"
"trabajo,proyecto,deadline,estrÃ©s,cafÃ©,concentraciÃ³n","ğŸ’¼ğŸ“…ğŸ˜°â˜•ğŸ§ "
"verano,piscina,sol,flotador,refrescante,placer","ğŸŠâ€â™‚ï¸ğŸŒğŸ¹ğŸ˜Š"
"arte,museo,escultura,pintura,inspiraciÃ³n,creatividad","ğŸ–¼ï¸ğŸ¨ğŸ’¡âœ¨"
"mÃºsica,concierto,baile,diversiÃ³n,energÃ­a,amigos","ğŸ¤ğŸ’ƒğŸ‰âš¡ğŸ‘¯â€â™‚ï¸"
"comida,italiana,pasta,pizza,vino,tomate,delicioso","ğŸğŸ•ğŸ·ğŸ…ğŸ˜‹"
"relajaciÃ³n,spa,masaje,baÃ±o,aromaterapia,paz","ğŸ’†â€â™‚ï¸ğŸ›ğŸŒ¸ğŸ˜Œ"
"tecnologÃ­a,ordenador,programaciÃ³n,innovaciÃ³n,futuro","ğŸ’»ğŸ’¡ğŸ”§ğŸŒ"
"naturaleza,montaÃ±a,rÃ­o,caminata,paz,aire puro","ğŸŒ²ğŸ”ï¸ğŸš¶â€â™‚ï¸ğŸ˜ŒğŸ’¨"
"amor,pareja,besos,abrazos,romance,corazones","ğŸ’â¤ï¸ğŸ˜˜ğŸ’"
"ocio,videojuegos,diversiÃ³n,consola,mandos,competencia","ğŸ®ğŸ‘¾ğŸ•¹ï¸ğŸ†"
"invierno,frÃ­o,bufanda,guantes,gorro,calor","â„ï¸ğŸ§£ğŸ§¤ğŸ©ğŸ”¥"
"primavera,flores,abejas,jardÃ­n,sol,renacimiento","ğŸŒ¸ğŸğŸŒ»ğŸŒ"
"viaje,crucero,ocÃ©ano,islas,aventura,explorar","ğŸš¢ğŸŒŠğŸï¸ğŸ—ºï¸"
"verano,surf,olas,mar,diversiÃ³n,playa","ğŸ„â€â™‚ï¸ğŸŒŠğŸ–ï¸ğŸ˜"
"familia,picnic,campo,dÃ­a soleado,comida,felicidad","ğŸ‘¨â€ğŸ‘©â€ğŸ‘§â€ğŸ‘¦ğŸ‰ğŸŒğŸŒ³ğŸ˜Š"
"cine,estreno,alfombra roja,celebridades,cÃ¡maras,flash","ğŸ¥ğŸï¸ğŸ¬ğŸŒŸğŸ“¸"
"cocina,recetas,ingredientes,hornear,aroma,delicioso","ğŸ‘¨â€ğŸ³ğŸ“œğŸğŸ‘ƒğŸ˜‹"
"invierno,esquÃ­,niebla,nieve,montaÃ±a,adrenalina","ğŸ¿ğŸŒ«ï¸â„ï¸ğŸ”ï¸âš¡"
"verano,barbacoa,amigos,jardÃ­n,comida,diversiÃ³n","ğŸ–ğŸ”ğŸ»ğŸ‘¯â€â™‚ï¸ğŸ˜„"
"fiesta,disfraces,halloween,calabazas,terror,diversiÃ³n","ğŸƒğŸ‘»ğŸ§™â€â™€ï¸ğŸ˜±ğŸ‰"
"ocio,lectura,biblioteca,silencio,concentraciÃ³n,paz","ğŸ“šğŸ›ï¸ğŸ¤«ğŸ§ ğŸ˜Œ"
"aventura,camping,fuego de campamento,estrellas,noche","ğŸ•ï¸ğŸ”¥â­ğŸŒŒ"
"arte,galerÃ­a,escultura,moderno,inspiraciÃ³n,creatividad","ğŸ–¼ï¸ğŸ’¡ğŸ¨âœ¨"
"deporte,baloncesto,cancha,competencia,trabajo en equipo","ğŸ€ğŸ…ğŸ¤"
"naturaleza,selva,explorar,animales,aventura","ğŸŒ³ğŸ¦ğŸ¦œğŸ—ºï¸"
"invierno,patinaje,hielo,caÃ­das,diversiÃ³n","â›¸ï¸â„ï¸ğŸ˜‚"
"verano,helado,fruta,refrescante,placer","ğŸ§ğŸ“â„ï¸ğŸ˜Š"
"familia,reuniÃ³n,abuelos,niÃ±os,cariÃ±o,felicidad","ğŸ‘µğŸ‘´ğŸ‘¨â€ğŸ‘©â€ğŸ‘§â€ğŸ‘¦â¤ï¸ğŸ˜Š"
"trabajo,oficina,estrÃ©s,papeles,cafÃ©,noche","ğŸ’¼ğŸ˜“ğŸ“‘â˜•ğŸŒ™"
"cine,acciÃ³n,explosiones,persecuciones,adrenalina","ğŸ¬ğŸ’¥ğŸš—âš¡"
"tecnologÃ­a,drones,vuelos,innovaciÃ³n,captura,imÃ¡genes","ğŸšğŸ“¸ğŸŒğŸ’¡"
"comida,desayuno,pancakes,sirope,frutas,delicioso","ğŸ¥ğŸ“ğŸ¯ğŸ˜‹"
"relajaciÃ³n,vela,baÃ±era,silencio,paz,desconexiÃ³n","ğŸ•¯ï¸ğŸ›ğŸ¤«ğŸ˜Œ"
"viaje,aventura,explorar,nuevos lugares,cultura,descubrimiento,mundo,experiencia","âœˆï¸ğŸŒğŸ—ºï¸ğŸ“¸ğŸ›¤ï¸ğŸŒŸ"
"familia,reuniÃ³n,celebraciÃ³n,fiesta,comida,cariÃ±o,amor,compartir,momentos especiales","ğŸ‘¨â€ğŸ‘©â€ğŸ‘§â€ğŸ‘¦ğŸ‰ğŸ½ï¸â¤ï¸ğŸ˜Š"
"naturaleza,caminata,montaÃ±a,rÃ­o,aire fresco,paz,relajaciÃ³n,conexiÃ³n,tranquilidad","ğŸŒ²ğŸï¸ğŸš¶â€â™‚ï¸ğŸ’§ğŸ’¨ğŸ˜Œ"
"invierno,chimenea,calor,manta,libro,relajaciÃ³n,tÃ© caliente,noche frÃ­a,niebla","ğŸ”¥ğŸ›‹ï¸ğŸ“šâ˜•ğŸŒ™â„ï¸"
"verano,playa,sol,arena,mar,diversiÃ³n,amigos,juegos,refrescante,bronceado","ğŸ–ï¸â˜€ï¸ğŸŒŠğŸ˜ğŸ‘¯â€â™‚ï¸ğŸ¹"
"trabajo,proyecto,deadline,estrÃ©s,concentraciÃ³n,cafÃ© nocturno,productividad,noche","ğŸ’¼ğŸ“…ğŸ˜“â˜•ğŸ§ ğŸŒ™"
"mÃºsica,concierto,vivo,baile,energÃ­a,diversiÃ³n,amigos,noche,emociones fuertes","ğŸ¤ğŸ’ƒğŸ‰âš¡ğŸ‘¯â€â™‚ï¸ğŸŒŸ"
"cine,estreno,alfombra roja,celebridades,flash,cÃ¡maras,emociÃ³n,premios,entrevistas","ğŸ¥ğŸï¸ğŸŒŸğŸ“¸ğŸ†ğŸ¬"
"aventura,camping,carpa,fuego de campamento,estrellas,noche,naturaleza,exploraciÃ³n","ğŸ•ï¸ğŸ”¥â­ğŸŒŒğŸŒ²ğŸ—ºï¸"
"comida,gastronomÃ­a,recetas,ingredientes,sabores,cocina creativa,delicias,satisfacciÃ³n","ğŸ³ğŸğŸ´ğŸ‘¨â€ğŸ³ğŸ˜‹"
"viaje,carretera,aventura,paradas,caminos desconocidos,explorar,nuevas experiencias","ğŸš—ğŸ›£ï¸ğŸ—ºï¸ğŸ›¤ï¸ğŸŒ„âœˆï¸"
"invierno,esquÃ­,pistas nevadas,aventura,montaÃ±a,adrenalina,diversiÃ³n,amigos,juegos","ğŸ¿ğŸ”ï¸â„ï¸âš¡ğŸ‘¯â€â™‚ï¸"
"arte,exposiciÃ³n,galerÃ­a,pinturas,esculturas,inspiraciÃ³n,creatividad,obra maestra","ğŸ¨ğŸ–¼ï¸âœ¨ğŸ’¡ğŸ›ï¸"
"tecnologÃ­a,innovaciÃ³n,futuro,dispositivos inteligentes,automatizaciÃ³n,robots,IA","ğŸ’»ğŸŒğŸ¤–ğŸš€ğŸ’¡"
"familia,picnic,campo,aire libre,juegos,comida,sol,diversiÃ³n,cercanÃ­a","ğŸ‘¨â€ğŸ‘©â€ğŸ‘§â€ğŸ‘¦ğŸ‰ğŸŒğŸ•ï¸ğŸ˜Š"
"cine,acciÃ³n,explosiones,persecuciones,superhÃ©roes,adrenalina,efectos especiales","ğŸ¬ğŸ’¥ğŸš—âš¡ğŸ¦¸â€â™‚ï¸"
"ocio,lectura,tarde tranquila,cafÃ©,tarta,libro favorito,sillÃ³n cÃ³modo,relajaciÃ³n","ğŸ“šâ˜•ğŸ°ğŸ›‹ï¸ğŸ˜Œ"
"naturaleza,selva,tropical,exploraciÃ³n,animales salvajes,flora diversa,aventura","ğŸŒ´ğŸ¦ğŸ¦œğŸ—ºï¸ğŸŒ³"
"trabajo,equipo,productividad,proyecto importante,desafÃ­os,Ã©xito,logros,meta cumplida","ğŸ’¼ğŸ¤ğŸ“ˆğŸ†ğŸ¯"
"verano,fiesta en la piscina,flotadores,sol,mÃºsica,bebidas,diversiÃ³n,amigos","ğŸŠâ€â™‚ï¸ğŸ‰â˜€ï¸ğŸ¶ğŸ¹"
"invierno,patinaje sobre hielo,caÃ­das,risas,amigos,frÃ­o,bufandas,guantes,diversiÃ³n","â›¸ï¸â„ï¸ğŸ˜‚ğŸ‘¯â€â™‚ï¸ğŸ§£"
"relajaciÃ³n,baÃ±o con velas,mÃºsica suave,aromaterapia,libro,noche tranquila,paz","ğŸ›ğŸ•¯ï¸ğŸ¶ğŸ“šğŸŒ™ğŸ˜Œ"
"tecnologÃ­a,drones,innovaciÃ³n,exploraciÃ³n aÃ©rea,fotografÃ­a desde el cielo,vuelos","ğŸšğŸ“¸ğŸŒğŸ’¡ğŸŒ„"
"aventura,excursiÃ³n al desierto,camellos,dunas,atardecer,noche estrellada,cultura","ğŸœï¸ğŸ«ğŸŒ…â­ğŸ•ï¸"
"deporte,maratÃ³n,preparaciÃ³n fÃ­sica,esfuerzo,superaciÃ³n personal,victoria final","ğŸƒâ€â™‚ï¸ğŸ’ªğŸ…ğŸ‰"
"arte,escultura renacentista,exposiciÃ³n temporal,museo,historia,cultura,inspiraciÃ³n","ğŸ›ï¸ğŸ—¿ğŸ¨âœ¨"
"ocio,pelÃ­cula romÃ¡ntica,tarde lluviosa,cobija,cafÃ© caliente,relajaciÃ³n,paz","ğŸ¥â¤ï¸ğŸŒ§ï¸â˜•ğŸ›‹ï¸ğŸ˜Œ"
"invierno,calor del hogar,fuego de la chimenea,manta,lectura,paz,tranquilidad","ğŸ”¥ğŸ›‹ï¸ğŸ“šâ„ï¸ğŸ˜Œ"
"ciencia,laboratorio,experimentaciÃ³n,innovaciÃ³n,descubrimientos,futuro,tecnologÃ­a","ğŸ”¬ğŸ§ªğŸ’¡ğŸŒğŸš€"
"viaje,crucero,ocÃ©ano,exploraciÃ³n,escapada tropical,islas,aventura,relajaciÃ³n","ğŸš¢ğŸŒŠğŸï¸ğŸ—ºï¸ğŸ˜Š"
"verano,fiesta en la playa,mÃºsica,sol,bebidas,amigos,bailar,diversiÃ³n,disfrutar","ğŸ–ï¸ğŸ¶â˜€ï¸ğŸ¹ğŸ’ƒğŸ˜Š"
"invierno,esquÃ­ en las montaÃ±as,nieve,velocidad,aventura,amigos,juegos,diversiÃ³n","ğŸ¿ğŸ”ï¸â„ï¸âš¡ğŸ‘¯â€â™‚ï¸"
